id;nombre;direccion;telefono;mail
NULL;Music Shop;Guatemala 2044 CABA;48722685;musicshop@gmail.com
NULL;Fender Accesorios;Solis 3052 CABA;49552828;fenderacc@gmail.com
NULL;Gibson Music;Av Nazca 3155 CABA;45883371;gibsonint@gmail.com
NULL;Yamaha Accesorios;Callao 1233 CABA;46418892;yamahaarg@gmail.com
NULL;Gotoh International;Lavalle 4882 CABA;49123355;gotohinternacional@gmail.com
NULL;Maderas del sur;Hipolito Irigoyen 2255 Lanus GBA;47229822;maderasdelsur@info.com.ar
NULL;Gutierrez Maderas;Av J B Alberdi 5244 CABA;43228789;DEFAULT
NULL;Maderera Tres Hermanos;Av Alvarez Jonte 2573 CABA;45838877;treshermanosmaderera@hotmail.com
NULL;Maderera El Carpintero;Av San Martin 2188 CABA;49928633;DEFAULT
NULL;Devoto Maderas;Av Francisco Beiro 4122 CABA;46228899;devotomaderas@gmail.com
